email_id,subject,body,sender_email,sender_domain,claimed_company,company_domain,domain_match,free_or_third_party_domain,has_link,has_attachment,mentions_money,mentions_urgency,mentions_personal_info,job_offer_without_interview,label
1,Remote Job Offer – Machine Learning Engineer,We reviewed your profile and would like you to take an assessment test to proceed. Reply within 24 hours. Add me on Microsoft Teams using the link provided.,careers.salesforce@outlook.com,outlook.com,Salesforce,salesforce.com,0,1,1,0,0,1,1,0,1
2,Invitation to Interview and Assessment – Cloud Data Engineer,Your application has been approved. Kindly provide your full address and phone number to proceed. We are hiring urgently.,hrinfo.cisco@gmail.com,gmail.com,Cisco,cisco.com,0,1,0,0,0,1,1,1,1
3,Remote Job Offer – Data Scientist,We reviewed your profile and would like you to take an assessment test to proceed. Reply within 24 hours. Add me on Microsoft Teams using the link provided.,careers.google@gmail.com,gmail.com,Google,google.com,0,1,1,0,0,1,1,0,1
4,Invitation to Interview and Assessment – Data Scientist,Your application has been approved. Kindly provide your full address and phone number to proceed. We are hiring urgently.,recruiting.kpmg@outlook.com,outlook.com,KPMG,kpmg.com,0,1,0,0,0,1,1,1,1
5,Invitation to Interview and Assessment – Cloud Data Engineer,Your application has been approved. Kindly provide your full address and phone number to proceed. We are hiring urgently.,hrinfo.tesla@secure-offer-letter.com,secure-offer-letter.com,Tesla,tesla.com,0,1,0,0,0,1,1,1,1
6,Assessment Test Required – AI Operations Generalist,Congratulations. You have been selected for a remote position. No interview required. Please confirm today to begin onboarding.,recruitment.team@recruit-portal-mail.com,recruit-portal-mail.com,Microsoft,microsoft.com,0,1,0,0,0,1,0,1,1
7,Invitation to Interview and Assessment – Platform Engineer,Your application has been approved. Kindly provide your full address and phone number to proceed. We are hiring urgently.,hiring.jobs-apple@recruit-portal-mail.com,recruit-portal-mail.com,Apple,apple.com,0,1,0,0,0,1,1,1,1
8,Assessment Test Required – Cloud Data Engineer,Congratulations. You have been selected for a remote position. No interview required. Please confirm today to begin onboarding.,careers.amazon@hire-now-careers.com,hire-now-careers.com,Amazon,amazon.jobs,0,1,0,0,0,1,0,1,1
9,Assessment Test Required – Data Analyst,We reviewed your profile and would like you to take an assessment test to proceed. Reply within 24 hours. Add me on Microsoft Teams using the link provided.,assessment.coordinator@gmail.com,gmail.com,KPMG,kpmg.com,0,1,1,0,0,1,1,0,1
10,Remote Job Offer – Platform Engineer,"We offer competitive pay, sign-on bonus, training incentive and remote workstation stipend. Complete the attached assessment and send your responses by end of day.",assessment.coordinator@talent-onboard-now.com,talent-onboard-now.com,JPMorgan Chase,jpmorgan.com,0,1,0,1,1,1,0,0,1
11,Application Update – Software Engineer,Congratulations. You have been selected for a remote position. No interview required. Please confirm today to begin onboarding.,careers.cisco@gmail.com,gmail.com,Cisco,cisco.com,0,1,0,0,0,1,0,1,1
12,Assessment Test Required – Software Engineer,"To secure your position, confirm your interest and provide your personal details for onboarding. We will share salary and benefits after your confirmation.",assessment.coordinator@hire-now-careers.com,hire-now-careers.com,Pfizer,pfizer.com,0,1,0,0,1,0,1,0,1
13,Invitation to Interview and Assessment – Cloud Data Engineer,We reviewed your profile and would like you to take an assessment test to proceed. Reply within 24 hours. Add me on Microsoft Teams using the link provided.,hiring.jobs-adobe@secure-offer-letter.com,secure-offer-letter.com,Adobe,adobe.com,0,1,1,0,0,1,1,0,1
14,Application Update – Business Analyst,"To secure your position, confirm your interest and provide your personal details for onboarding. We will share salary and benefits after your confirmation.",hrinfo.uber@secure-offer-letter.com,secure-offer-letter.com,Uber,uber.com,0,1,0,0,1,0,1,0,1
15,Offer Confirmation – Data Analyst,Your application has been approved. Kindly provide your full address and phone number to proceed. We are hiring urgently.,hr.department@hire-now-careers.com,hire-now-careers.com,JPMorgan Chase,jpmorgan.com,0,1,0,0,0,1,1,1,1
16,Assessment Test Required – Business Analyst,"To secure your position, confirm your interest and provide your personal details for onboarding. We will share salary and benefits after your confirmation.",careers.goldmansachs@talent-onboard-now.com,talent-onboard-now.com,Goldman Sachs,goldmansachs.com,0,1,0,0,1,0,1,0,1
17,Immediate Hiring – Data Analyst,"To secure your position, confirm your interest and provide your personal details for onboarding. We will share salary and benefits after your confirmation.",hrinfo.stripe@outlook.com,outlook.com,Stripe,stripe.com,0,1,0,0,1,0,1,0,1
18,Final Selection Notice – Software Engineer,Your application has been approved. Kindly provide your full address and phone number to proceed. We are hiring urgently.,talent.paypal@talent-onboard-now.com,talent-onboard-now.com,PayPal,paypal.com,0,1,0,0,0,1,1,1,1
19,Final Selection Notice – Data Scientist,"We offer competitive pay, sign-on bonus, training incentive and remote workstation stipend. Complete the attached assessment and send your responses by end of day.",assessment.coordinator@viazohorecruit.com,viazohorecruit.com,Goldman Sachs,goldmansachs.com,0,1,0,1,1,1,0,0,1
20,Assessment Test Required – Machine Learning Engineer,We reviewed your profile and would like you to take an assessment test to proceed. Reply within 24 hours. Add me on Microsoft Teams using the link provided.,hrinfo.cisco@talent-onboard-now.com,talent-onboard-now.com,Cisco,cisco.com,0,1,1,0,0,1,1,0,1
21,Application Update – Software Engineer,Congratulations. You have been selected for a remote position. No interview required. Please confirm today to begin onboarding.,recruitment.team@secure-offer-letter.com,secure-offer-letter.com,Netflix,netflix.com,0,1,0,0,0,1,0,1,1
22,Invitation to Interview and Assessment – MLOps Engineer,Congratulations. You have been selected for a remote position. No interview required. Please confirm today to begin onboarding.,recruitment.team@talent-onboard-now.com,talent-onboard-now.com,SAP,sap.com,0,1,0,0,0,1,0,1,1
23,Application Update – Software Engineer,"To secure your position, confirm your interest and provide your personal details for onboarding. We will share salary and benefits after your confirmation.",recruitment.team@recruit-portal-mail.com,recruit-portal-mail.com,KPMG,kpmg.com,0,1,0,0,1,0,1,0,1
24,Application Update – Data Scientist,Congratulations. You have been selected for a remote position. No interview required. Please confirm today to begin onboarding.,hiring.jobs-cisco@outlook.com,outlook.com,Cisco,cisco.com,0,1,0,0,0,1,0,1,1
25,Final Selection Notice – AI Engineer,Congratulations. You have been selected for a remote position. No interview required. Please confirm today to begin onboarding.,assessment.coordinator@viazohorecruit.com,viazohorecruit.com,Apple,apple.com,0,1,0,0,0,1,0,1,1
26,Application Update – Cloud Data Engineer,"We offer competitive pay, sign-on bonus, training incentive and remote workstation stipend. Complete the attached assessment and send your responses by end of day.",hrinfo.stripe@recruit-portal-mail.com,recruit-portal-mail.com,Stripe,stripe.com,0,1,0,1,1,1,0,0,1
27,Assessment Test Required – Data Scientist,"We offer competitive pay, sign-on bonus, training incentive and remote workstation stipend. Complete the attached assessment and send your responses by end of day.",hiring.jobs-apple@hire-now-careers.com,hire-now-careers.com,Apple,apple.com,0,1,0,1,1,1,0,0,1
28,Assessment Test Required – Platform Engineer,We reviewed your profile and would like you to take an assessment test to proceed. Reply within 24 hours. Add me on Microsoft Teams using the link provided.,recruitment.team@talent-onboard-now.com,talent-onboard-now.com,Goldman Sachs,goldmansachs.com,0,1,1,0,0,1,1,0,1
29,Remote Job Offer – Data Scientist,We reviewed your profile and would like you to take an assessment test to proceed. Reply within 24 hours. Add me on Microsoft Teams using the link provided.,recruitment.team@talent-onboard-now.com,talent-onboard-now.com,Oracle,oracle.com,0,1,1,0,0,1,1,0,1
30,Invitation to Interview and Assessment – AI Engineer,Congratulations. You have been selected for a remote position. No interview required. Please confirm today to begin onboarding.,hiring.jobs-lufthansagroup@talent-onboard-now.com,talent-onboard-now.com,Lufthansa Group,lufthansagroup.com,0,1,0,0,0,1,0,1,1
31,Assessment Test Required – Business Analyst,We reviewed your profile and would like you to take an assessment test to proceed. Reply within 24 hours. Add me on Microsoft Teams using the link provided.,hrinfo.amazon@outlook.com,outlook.com,Amazon,amazon.jobs,0,1,1,0,0,1,1,0,1
32,Assessment Test Required – Machine Learning Engineer,We reviewed your profile and would like you to take an assessment test to proceed. Reply within 24 hours. Add me on Microsoft Teams using the link provided.,hrinfo.pfizer@hire-now-careers.com,hire-now-careers.com,Pfizer,pfizer.com,0,1,1,0,0,1,1,0,1
33,Assessment Test Required – AI Engineer,"To secure your position, confirm your interest and provide your personal details for onboarding. We will share salary and benefits after your confirmation.",talent.google@yahoo.com,yahoo.com,Google,google.com,0,1,0,0,1,0,1,0,1
34,Immediate Hiring – Cloud Data Engineer,"To secure your position, confirm your interest and provide your personal details for onboarding. We will share salary and benefits after your confirmation.",careers.cisco@outlook.com,outlook.com,Cisco,cisco.com,0,1,0,0,1,0,1,0,1
35,Remote Job Offer – MLOps Engineer,"To secure your position, confirm your interest and provide your personal details for onboarding. We will share salary and benefits after your confirmation.",talent.linkedin@talent-onboard-now.com,talent-onboard-now.com,LinkedIn,linkedin.com,0,1,0,0,1,0,1,0,1
36,Invitation to Interview and Assessment – Machine Learning Engineer,"We offer competitive pay, sign-on bonus, training incentive and remote workstation stipend. Complete the attached assessment and send your responses by end of day.",assessment.coordinator@recruit-portal-mail.com,recruit-portal-mail.com,Google,google.com,0,1,0,1,1,1,0,0,1
37,Assessment Test Required – Machine Learning Engineer,We reviewed your profile and would like you to take an assessment test to proceed. Reply within 24 hours. Add me on Microsoft Teams using the link provided.,hr.department@gmail.com,gmail.com,Stripe,stripe.com,0,1,1,0,0,1,1,0,1
38,Invitation to Interview and Assessment – Platform Engineer,Your application has been approved. Kindly provide your full address and phone number to proceed. We are hiring urgently.,careers.apple@recruit-portal-mail.com,recruit-portal-mail.com,Apple,apple.com,0,1,0,0,0,1,1,1,1
39,Assessment Test Required – Software Engineer,"We offer competitive pay, sign-on bonus, training incentive and remote workstation stipend. Complete the attached assessment and send your responses by end of day.",hr.department@yahoo.com,yahoo.com,Goldman Sachs,goldmansachs.com,0,1,0,1,1,1,0,0,1
40,Assessment Test Required – AI Engineer,Your application has been approved. Kindly provide your full address and phone number to proceed. We are hiring urgently.,recruiting.uber@hire-now-careers.com,hire-now-careers.com,Uber,uber.com,0,1,0,0,0,1,1,1,1
41,Offer Confirmation – AI Engineer,Congratulations. You have been selected for a remote position. No interview required. Please confirm today to begin onboarding.,recruiting.boeing@secure-offer-letter.com,secure-offer-letter.com,Boeing,boeing.com,0,1,0,0,0,1,0,1,1
42,Remote Job Offer – Platform Engineer,"We offer competitive pay, sign-on bonus, training incentive and remote workstation stipend. Complete the attached assessment and send your responses by end of day.",hrinfo.netflix@viazohorecruit.com,viazohorecruit.com,Netflix,netflix.com,0,1,0,1,1,1,0,0,1
43,Remote Job Offer – Software Engineer,"We offer competitive pay, sign-on bonus, training incentive and remote workstation stipend. Complete the attached assessment and send your responses by end of day.",hr.department@gmail.com,gmail.com,Airbnb,airbnb.com,0,1,0,1,1,1,0,0,1
44,Immediate Hiring – Business Analyst,We reviewed your profile and would like you to take an assessment test to proceed. Reply within 24 hours. Add me on Microsoft Teams using the link provided.,careers.accenture@gmail.com,gmail.com,Accenture,accenture.com,0,1,1,0,0,1,1,0,1
45,Application Update – MLOps Engineer,"We offer competitive pay, sign-on bonus, training incentive and remote workstation stipend. Complete the attached assessment and send your responses by end of day.",assessment.coordinator@gmail.com,gmail.com,Microsoft,microsoft.com,0,1,0,1,1,1,0,0,1
46,Offer Confirmation – Cloud Data Engineer,We reviewed your profile and would like you to take an assessment test to proceed. Reply within 24 hours. Add me on Microsoft Teams using the link provided.,hr.department@talent-onboard-now.com,talent-onboard-now.com,Boeing,boeing.com,0,1,1,0,0,1,1,0,1
47,Offer Confirmation – Data Analyst,We reviewed your profile and would like you to take an assessment test to proceed. Reply within 24 hours. Add me on Microsoft Teams using the link provided.,recruiting.airbnb@secure-offer-letter.com,secure-offer-letter.com,Airbnb,airbnb.com,0,1,1,0,0,1,1,0,1
48,Remote Job Offer – Machine Learning Engineer,"We offer competitive pay, sign-on bonus, training incentive and remote workstation stipend. Complete the attached assessment and send your responses by end of day.",recruitment.team@outlook.com,outlook.com,Deloitte,deloitte.com,0,1,0,1,1,1,0,0,1
49,Final Selection Notice – Data Scientist,We reviewed your profile and would like you to take an assessment test to proceed. Reply within 24 hours. Add me on Microsoft Teams using the link provided.,hiring.jobs-accenture@yahoo.com,yahoo.com,Accenture,accenture.com,0,1,1,0,0,1,1,0,1
50,Application Update – AI Operations Generalist,Your application has been approved. Kindly provide your full address and phone number to proceed. We are hiring urgently.,hiring.jobs-apple@talent-onboard-now.com,talent-onboard-now.com,Apple,apple.com,0,1,0,0,0,1,1,1,1
51,Remote Job Offer – Cloud Data Engineer,"We offer competitive pay, sign-on bonus, training incentive and remote workstation stipend. Complete the attached assessment and send your responses by end of day.",hiring.jobs-boeing@yahoo.com,yahoo.com,Boeing,boeing.com,0,1,0,1,1,1,0,0,1
52,Offer Confirmation – AI Operations Generalist,We reviewed your profile and would like you to take an assessment test to proceed. Reply within 24 hours. Add me on Microsoft Teams using the link provided.,recruitment.team@yahoo.com,yahoo.com,Medtronic,medtronic.com,0,1,1,0,0,1,1,0,1
53,Offer Confirmation – AI Engineer,Congratulations. You have been selected for a remote position. No interview required. Please confirm today to begin onboarding.,talent.linkedin@viazohorecruit.com,viazohorecruit.com,LinkedIn,linkedin.com,0,1,0,0,0,1,0,1,1
54,Assessment Test Required – Software Engineer,Congratulations. You have been selected for a remote position. No interview required. Please confirm today to begin onboarding.,talent.netflix@hire-now-careers.com,hire-now-careers.com,Netflix,netflix.com,0,1,0,0,0,1,0,1,1
55,Offer Confirmation – Data Scientist,Congratulations. You have been selected for a remote position. No interview required. Please confirm today to begin onboarding.,hr.department@viazohorecruit.com,viazohorecruit.com,KPMG,kpmg.com,0,1,0,0,0,1,0,1,1
56,Final Selection Notice – MLOps Engineer,Your application has been approved. Kindly provide your full address and phone number to proceed. We are hiring urgently.,hiring.jobs-walmart@secure-offer-letter.com,secure-offer-letter.com,Walmart,walmart.com,0,1,0,0,0,1,1,1,1
57,Assessment Test Required – Machine Learning Engineer,Your application has been approved. Kindly provide your full address and phone number to proceed. We are hiring urgently.,assessment.coordinator@viazohorecruit.com,viazohorecruit.com,KPMG,kpmg.com,0,1,0,0,0,1,1,1,1
58,Assessment Test Required – Machine Learning Engineer,We reviewed your profile and would like you to take an assessment test to proceed. Reply within 24 hours. Add me on Microsoft Teams using the link provided.,hiring.jobs-uber@yahoo.com,yahoo.com,Uber,uber.com,0,1,1,0,0,1,1,0,1
59,Assessment Test Required – MLOps Engineer,We reviewed your profile and would like you to take an assessment test to proceed. Reply within 24 hours. Add me on Microsoft Teams using the link provided.,hr.department@viazohorecruit.com,viazohorecruit.com,Apple,apple.com,0,1,1,0,0,1,1,0,1
60,Assessment Test Required – Platform Engineer,Your application has been approved. Kindly provide your full address and phone number to proceed. We are hiring urgently.,careers.jpmorganchase@talent-onboard-now.com,talent-onboard-now.com,JPMorgan Chase,jpmorgan.com,0,1,0,0,0,1,1,1,1
61,Invitation to Interview and Assessment – Platform Engineer,Congratulations. You have been selected for a remote position. No interview required. Please confirm today to begin onboarding.,talent.walmart@gmail.com,gmail.com,Walmart,walmart.com,0,1,0,0,0,1,0,1,1
62,Assessment Test Required – Data Analyst,"To secure your position, confirm your interest and provide your personal details for onboarding. We will share salary and benefits after your confirmation.",careers.lufthansagroup@viazohorecruit.com,viazohorecruit.com,Lufthansa Group,lufthansagroup.com,0,1,0,0,1,0,1,0,1
63,Assessment Test Required – Business Analyst,Your application has been approved. Kindly provide your full address and phone number to proceed. We are hiring urgently.,talent.accenture@gmail.com,gmail.com,Accenture,accenture.com,0,1,0,0,0,1,1,1,1
64,Assessment Test Required – Platform Engineer,"To secure your position, confirm your interest and provide your personal details for onboarding. We will share salary and benefits after your confirmation.",talent.accenture@gmail.com,gmail.com,Accenture,accenture.com,0,1,0,0,1,0,1,0,1
65,Application Update – Platform Engineer,"To secure your position, confirm your interest and provide your personal details for onboarding. We will share salary and benefits after your confirmation.",recruitment.team@yahoo.com,yahoo.com,SAP,sap.com,0,1,0,0,1,0,1,0,1
66,Remote Job Offer – Data Scientist,"We offer competitive pay, sign-on bonus, training incentive and remote workstation stipend. Complete the attached assessment and send your responses by end of day.",recruiting.amazon@outlook.com,outlook.com,Amazon,amazon.jobs,0,1,0,1,1,1,0,0,1
67,Application Update – Data Analyst,"We offer competitive pay, sign-on bonus, training incentive and remote workstation stipend. Complete the attached assessment and send your responses by end of day.",hiring.jobs-ibm@outlook.com,outlook.com,IBM,ibm.com,0,1,0,1,1,1,0,0,1
68,Application Update – Business Analyst,"We offer competitive pay, sign-on bonus, training incentive and remote workstation stipend. Complete the attached assessment and send your responses by end of day.",assessment.coordinator@yahoo.com,yahoo.com,Goldman Sachs,goldmansachs.com,0,1,0,1,1,1,0,0,1
69,Remote Job Offer – Data Analyst,"To secure your position, confirm your interest and provide your personal details for onboarding. We will share salary and benefits after your confirmation.",recruiting.microsoft@yahoo.com,yahoo.com,Microsoft,microsoft.com,0,1,0,0,1,0,1,0,1
70,Assessment Test Required – Data Scientist,"To secure your position, confirm your interest and provide your personal details for onboarding. We will share salary and benefits after your confirmation.",recruitment.team@hire-now-careers.com,hire-now-careers.com,Meta,meta.com,0,1,0,0,1,0,1,0,1
71,Immediate Hiring – Business Analyst,We reviewed your profile and would like you to take an assessment test to proceed. Reply within 24 hours. Add me on Microsoft Teams using the link provided.,hrinfo.netflix@hire-now-careers.com,hire-now-careers.com,Netflix,netflix.com,0,1,1,0,0,1,1,0,1
72,Remote Job Offer – Platform Engineer,"To secure your position, confirm your interest and provide your personal details for onboarding. We will share salary and benefits after your confirmation.",recruitment.team@viazohorecruit.com,viazohorecruit.com,Salesforce,salesforce.com,0,1,0,0,1,0,1,0,1
73,Assessment Test Required – Platform Engineer,"We offer competitive pay, sign-on bonus, training incentive and remote workstation stipend. Complete the attached assessment and send your responses by end of day.",careers.salesforce@outlook.com,outlook.com,Salesforce,salesforce.com,0,1,0,1,1,1,0,0,1
74,Invitation to Interview and Assessment – AI Engineer,We reviewed your profile and would like you to take an assessment test to proceed. Reply within 24 hours. Add me on Microsoft Teams using the link provided.,talent.sap@recruit-portal-mail.com,recruit-portal-mail.com,SAP,sap.com,0,1,1,0,0,1,1,0,1
75,Immediate Hiring – Machine Learning Engineer,Congratulations. You have been selected for a remote position. No interview required. Please confirm today to begin onboarding.,talent.lufthansagroup@secure-offer-letter.com,secure-offer-letter.com,Lufthansa Group,lufthansagroup.com,0,1,0,0,0,1,0,1,1
76,Assessment Test Required – Machine Learning Engineer,Your application has been approved. Kindly provide your full address and phone number to proceed. We are hiring urgently.,hr.department@talent-onboard-now.com,talent-onboard-now.com,Oracle,oracle.com,0,1,0,0,0,1,1,1,1
77,Invitation to Interview and Assessment – Software Engineer,Congratulations. You have been selected for a remote position. No interview required. Please confirm today to begin onboarding.,careers.google@secure-offer-letter.com,secure-offer-letter.com,Google,google.com,0,1,0,0,0,1,0,1,1
78,Final Selection Notice – AI Operations Generalist,We reviewed your profile and would like you to take an assessment test to proceed. Reply within 24 hours. Add me on Microsoft Teams using the link provided.,careers.intel@recruit-portal-mail.com,recruit-portal-mail.com,Intel,intel.com,0,1,1,0,0,1,1,0,1
79,Invitation to Interview and Assessment – AI Engineer,"We offer competitive pay, sign-on bonus, training incentive and remote workstation stipend. Complete the attached assessment and send your responses by end of day.",assessment.coordinator@outlook.com,outlook.com,Boeing,boeing.com,0,1,0,1,1,1,0,0,1
80,Assessment Test Required – Business Analyst,"To secure your position, confirm your interest and provide your personal details for onboarding. We will share salary and benefits after your confirmation.",hiring.jobs-medtronic@recruit-portal-mail.com,recruit-portal-mail.com,Medtronic,medtronic.com,0,1,0,0,1,0,1,0,1
81,Final Selection Notice – Platform Engineer,Congratulations. You have been selected for a remote position. No interview required. Please confirm today to begin onboarding.,hiring.jobs-lufthansagroup@outlook.com,outlook.com,Lufthansa Group,lufthansagroup.com,0,1,0,0,0,1,0,1,1
82,Application Update – AI Operations Generalist,Congratulations. You have been selected for a remote position. No interview required. Please confirm today to begin onboarding.,talent.intel@recruit-portal-mail.com,recruit-portal-mail.com,Intel,intel.com,0,1,0,0,0,1,0,1,1
83,Immediate Hiring – AI Engineer,"To secure your position, confirm your interest and provide your personal details for onboarding. We will share salary and benefits after your confirmation.",talent.ey@yahoo.com,yahoo.com,EY,ey.com,0,1,0,0,1,0,1,0,1
84,Immediate Hiring – AI Operations Generalist,We reviewed your profile and would like you to take an assessment test to proceed. Reply within 24 hours. Add me on Microsoft Teams using the link provided.,hrinfo.cisco@viazohorecruit.com,viazohorecruit.com,Cisco,cisco.com,0,1,1,0,0,1,1,0,1
85,Assessment Test Required – Platform Engineer,Congratulations. You have been selected for a remote position. No interview required. Please confirm today to begin onboarding.,recruiting.paypal@talent-onboard-now.com,talent-onboard-now.com,PayPal,paypal.com,0,1,0,0,0,1,0,1,1
86,Invitation to Interview and Assessment – MLOps Engineer,"To secure your position, confirm your interest and provide your personal details for onboarding. We will share salary and benefits after your confirmation.",recruitment.team@talent-onboard-now.com,talent-onboard-now.com,SAP,sap.com,0,1,0,0,1,0,1,0,1
87,Final Selection Notice – Software Engineer,Congratulations. You have been selected for a remote position. No interview required. Please confirm today to begin onboarding.,hr.department@gmail.com,gmail.com,EY,ey.com,0,1,0,0,0,1,0,1,1
88,Remote Job Offer – Machine Learning Engineer,"We offer competitive pay, sign-on bonus, training incentive and remote workstation stipend. Complete the attached assessment and send your responses by end of day.",hiring.jobs-netflix@viazohorecruit.com,viazohorecruit.com,Netflix,netflix.com,0,1,0,1,1,1,0,0,1
89,Final Selection Notice – Data Analyst,"We offer competitive pay, sign-on bonus, training incentive and remote workstation stipend. Complete the attached assessment and send your responses by end of day.",hiring.jobs-medtronic@secure-offer-letter.com,secure-offer-letter.com,Medtronic,medtronic.com,0,1,0,1,1,1,0,0,1
90,Final Selection Notice – Data Analyst,"To secure your position, confirm your interest and provide your personal details for onboarding. We will share salary and benefits after your confirmation.",recruiting.lufthansagroup@recruit-portal-mail.com,recruit-portal-mail.com,Lufthansa Group,lufthansagroup.com,0,1,0,0,1,0,1,0,1
91,Invitation to Interview and Assessment – Software Engineer,"To secure your position, confirm your interest and provide your personal details for onboarding. We will share salary and benefits after your confirmation.",hiring.jobs-goldmansachs@yahoo.com,yahoo.com,Goldman Sachs,goldmansachs.com,0,1,0,0,1,0,1,0,1
92,Invitation to Interview and Assessment – MLOps Engineer,"We offer competitive pay, sign-on bonus, training incentive and remote workstation stipend. Complete the attached assessment and send your responses by end of day.",hr.department@hire-now-careers.com,hire-now-careers.com,Intel,intel.com,0,1,0,1,1,1,0,0,1
93,Application Update – Business Analyst,We reviewed your profile and would like you to take an assessment test to proceed. Reply within 24 hours. Add me on Microsoft Teams using the link provided.,recruiting.kpmg@recruit-portal-mail.com,recruit-portal-mail.com,KPMG,kpmg.com,0,1,1,0,0,1,1,0,1
94,Invitation to Interview and Assessment – Machine Learning Engineer,"We offer competitive pay, sign-on bonus, training incentive and remote workstation stipend. Complete the attached assessment and send your responses by end of day.",careers.cisco@secure-offer-letter.com,secure-offer-letter.com,Cisco,cisco.com,0,1,0,1,1,1,0,0,1
95,Assessment Test Required – Software Engineer,Congratulations. You have been selected for a remote position. No interview required. Please confirm today to begin onboarding.,hrinfo.deloitte@gmail.com,gmail.com,Deloitte,deloitte.com,0,1,0,0,0,1,0,1,1
96,Offer Confirmation – Software Engineer,We reviewed your profile and would like you to take an assessment test to proceed. Reply within 24 hours. Add me on Microsoft Teams using the link provided.,recruitment.team@yahoo.com,yahoo.com,Google,google.com,0,1,1,0,0,1,1,0,1
97,Remote Job Offer – AI Operations Generalist,We reviewed your profile and would like you to take an assessment test to proceed. Reply within 24 hours. Add me on Microsoft Teams using the link provided.,talent.pfizer@recruit-portal-mail.com,recruit-portal-mail.com,Pfizer,pfizer.com,0,1,1,0,0,1,1,0,1
98,Invitation to Interview and Assessment – AI Engineer,Your application has been approved. Kindly provide your full address and phone number to proceed. We are hiring urgently.,recruitment.team@yahoo.com,yahoo.com,Tesla,tesla.com,0,1,0,0,0,1,1,1,1
99,Final Selection Notice – Business Analyst,"To secure your position, confirm your interest and provide your personal details for onboarding. We will share salary and benefits after your confirmation.",talent.uber@yahoo.com,yahoo.com,Uber,uber.com,0,1,0,0,1,0,1,0,1
100,Final Selection Notice – Cloud Data Engineer,Congratulations. You have been selected for a remote position. No interview required. Please confirm today to begin onboarding.,recruitment.team@viazohorecruit.com,viazohorecruit.com,PayPal,paypal.com,0,1,0,0,0,1,0,1,1
101,Application Update – Platform Engineer,Your application has been approved. Kindly provide your full address and phone number to proceed. We are hiring urgently.,recruiting.paypal@viazohorecruit.com,viazohorecruit.com,PayPal,paypal.com,0,1,0,0,0,1,1,1,1
102,Invitation to Interview and Assessment – AI Operations Generalist,Congratulations. You have been selected for a remote position. No interview required. Please confirm today to begin onboarding.,careers.google@hire-now-careers.com,hire-now-careers.com,Google,google.com,0,1,0,0,0,1,0,1,1
103,Assessment Test Required – MLOps Engineer,We reviewed your profile and would like you to take an assessment test to proceed. Reply within 24 hours. Add me on Microsoft Teams using the link provided.,recruiting.oracle@viazohorecruit.com,viazohorecruit.com,Oracle,oracle.com,0,1,1,0,0,1,1,0,1
104,Invitation to Interview and Assessment – Software Engineer,"To secure your position, confirm your interest and provide your personal details for onboarding. We will share salary and benefits after your confirmation.",careers.deloitte@outlook.com,outlook.com,Deloitte,deloitte.com,0,1,0,0,1,0,1,0,1
105,Invitation to Interview and Assessment – Platform Engineer,"To secure your position, confirm your interest and provide your personal details for onboarding. We will share salary and benefits after your confirmation.",careers.jpmorganchase@recruit-portal-mail.com,recruit-portal-mail.com,JPMorgan Chase,jpmorgan.com,0,1,0,0,1,0,1,0,1
106,Application Update – Software Engineer,Congratulations. You have been selected for a remote position. No interview required. Please confirm today to begin onboarding.,assessment.coordinator@gmail.com,gmail.com,LinkedIn,linkedin.com,0,1,0,0,0,1,0,1,1
107,Invitation to Interview and Assessment – Data Scientist,"To secure your position, confirm your interest and provide your personal details for onboarding. We will share salary and benefits after your confirmation.",hrinfo.deloitte@recruit-portal-mail.com,recruit-portal-mail.com,Deloitte,deloitte.com,0,1,0,0,1,0,1,0,1
108,Invitation to Interview and Assessment – AI Engineer,Your application has been approved. Kindly provide your full address and phone number to proceed. We are hiring urgently.,hr.department@yahoo.com,yahoo.com,Boeing,boeing.com,0,1,0,0,0,1,1,1,1
109,Assessment Test Required – Software Engineer,Your application has been approved. Kindly provide your full address and phone number to proceed. We are hiring urgently.,hrinfo.intel@yahoo.com,yahoo.com,Intel,intel.com,0,1,0,0,0,1,1,1,1
110,Remote Job Offer – AI Operations Generalist,"We offer competitive pay, sign-on bonus, training incentive and remote workstation stipend. Complete the attached assessment and send your responses by end of day.",recruiting.deloitte@outlook.com,outlook.com,Deloitte,deloitte.com,0,1,0,1,1,1,0,0,1
111,Immediate Hiring – MLOps Engineer,Your application has been approved. Kindly provide your full address and phone number to proceed. We are hiring urgently.,assessment.coordinator@recruit-portal-mail.com,recruit-portal-mail.com,JPMorgan Chase,jpmorgan.com,0,1,0,0,0,1,1,1,1
112,Offer Confirmation – MLOps Engineer,We reviewed your profile and would like you to take an assessment test to proceed. Reply within 24 hours. Add me on Microsoft Teams using the link provided.,talent.accenture@gmail.com,gmail.com,Accenture,accenture.com,0,1,1,0,0,1,1,0,1
113,Invitation to Interview and Assessment – MLOps Engineer,"We offer competitive pay, sign-on bonus, training incentive and remote workstation stipend. Complete the attached assessment and send your responses by end of day.",careers.google@talent-onboard-now.com,talent-onboard-now.com,Google,google.com,0,1,0,1,1,1,0,0,1
114,Remote Job Offer – Platform Engineer,"We offer competitive pay, sign-on bonus, training incentive and remote workstation stipend. Complete the attached assessment and send your responses by end of day.",recruiting.stripe@secure-offer-letter.com,secure-offer-letter.com,Stripe,stripe.com,0,1,0,1,1,1,0,0,1
115,Invitation to Interview and Assessment – AI Engineer,Your application has been approved. Kindly provide your full address and phone number to proceed. We are hiring urgently.,hiring.jobs-sap@outlook.com,outlook.com,SAP,sap.com,0,1,0,0,0,1,1,1,1
116,Immediate Hiring – Platform Engineer,"We offer competitive pay, sign-on bonus, training incentive and remote workstation stipend. Complete the attached assessment and send your responses by end of day.",talent.paypal@yahoo.com,yahoo.com,PayPal,paypal.com,0,1,0,1,1,1,0,0,1
117,Final Selection Notice – Data Analyst,"We offer competitive pay, sign-on bonus, training incentive and remote workstation stipend. Complete the attached assessment and send your responses by end of day.",assessment.coordinator@gmail.com,gmail.com,Walmart,walmart.com,0,1,0,1,1,1,0,0,1
118,Remote Job Offer – MLOps Engineer,We reviewed your profile and would like you to take an assessment test to proceed. Reply within 24 hours. Add me on Microsoft Teams using the link provided.,hrinfo.walmart@yahoo.com,yahoo.com,Walmart,walmart.com,0,1,1,0,0,1,1,0,1
119,Remote Job Offer – MLOps Engineer,"We offer competitive pay, sign-on bonus, training incentive and remote workstation stipend. Complete the attached assessment and send your responses by end of day.",recruitment.team@yahoo.com,yahoo.com,Deloitte,deloitte.com,0,1,0,1,1,1,0,0,1
120,Immediate Hiring – Data Scientist,We reviewed your profile and would like you to take an assessment test to proceed. Reply within 24 hours. Add me on Microsoft Teams using the link provided.,hrinfo.cisco@hire-now-careers.com,hire-now-careers.com,Cisco,cisco.com,0,1,1,0,0,1,1,0,1
121,Offer Confirmation – Business Analyst,"To secure your position, confirm your interest and provide your personal details for onboarding. We will share salary and benefits after your confirmation.",recruiting.salesforce@outlook.com,outlook.com,Salesforce,salesforce.com,0,1,0,0,1,0,1,0,1
122,Final Selection Notice – AI Operations Generalist,"We offer competitive pay, sign-on bonus, training incentive and remote workstation stipend. Complete the attached assessment and send your responses by end of day.",hr.department@recruit-portal-mail.com,recruit-portal-mail.com,Goldman Sachs,goldmansachs.com,0,1,0,1,1,1,0,0,1
123,Remote Job Offer – Data Scientist,Your application has been approved. Kindly provide your full address and phone number to proceed. We are hiring urgently.,hr.department@outlook.com,outlook.com,Google,google.com,0,1,0,0,0,1,1,1,1
124,Offer Confirmation – Data Scientist,"We offer competitive pay, sign-on bonus, training incentive and remote workstation stipend. Complete the attached assessment and send your responses by end of day.",talent.sap@viazohorecruit.com,viazohorecruit.com,SAP,sap.com,0,1,0,1,1,1,0,0,1
125,Offer Confirmation – AI Operations Generalist,"We offer competitive pay, sign-on bonus, training incentive and remote workstation stipend. Complete the attached assessment and send your responses by end of day.",recruiting.amazon@yahoo.com,yahoo.com,Amazon,amazon.jobs,0,1,0,1,1,1,0,0,1
126,Assessment Test Required – Data Scientist,"We offer competitive pay, sign-on bonus, training incentive and remote workstation stipend. Complete the attached assessment and send your responses by end of day.",hr.department@gmail.com,gmail.com,Intel,intel.com,0,1,0,1,1,1,0,0,1
127,Invitation to Interview and Assessment – Data Scientist,"To secure your position, confirm your interest and provide your personal details for onboarding. We will share salary and benefits after your confirmation.",careers.airbnb@gmail.com,gmail.com,Airbnb,airbnb.com,0,1,0,0,1,0,1,0,1
128,Remote Job Offer – Data Scientist,Your application has been approved. Kindly provide your full address and phone number to proceed. We are hiring urgently.,talent.lufthansagroup@yahoo.com,yahoo.com,Lufthansa Group,lufthansagroup.com,0,1,0,0,0,1,1,1,1
129,Assessment Test Required – AI Operations Generalist,Congratulations. You have been selected for a remote position. No interview required. Please confirm today to begin onboarding.,assessment.coordinator@yahoo.com,yahoo.com,Deloitte,deloitte.com,0,1,0,0,0,1,0,1,1
130,Immediate Hiring – Business Analyst,"We offer competitive pay, sign-on bonus, training incentive and remote workstation stipend. Complete the attached assessment and send your responses by end of day.",talent.ibm@recruit-portal-mail.com,recruit-portal-mail.com,IBM,ibm.com,0,1,0,1,1,1,0,0,1
131,Immediate Hiring – AI Engineer,"To secure your position, confirm your interest and provide your personal details for onboarding. We will share salary and benefits after your confirmation.",careers.oracle@secure-offer-letter.com,secure-offer-letter.com,Oracle,oracle.com,0,1,0,0,1,0,1,0,1
132,Invitation to Interview and Assessment – Machine Learning Engineer,Congratulations. You have been selected for a remote position. No interview required. Please confirm today to begin onboarding.,recruiting.meta@talent-onboard-now.com,talent-onboard-now.com,Meta,meta.com,0,1,0,0,0,1,0,1,1
133,Offer Confirmation – Business Analyst,"To secure your position, confirm your interest and provide your personal details for onboarding. We will share salary and benefits after your confirmation.",hiring.jobs-accenture@secure-offer-letter.com,secure-offer-letter.com,Accenture,accenture.com,0,1,0,0,1,0,1,0,1
134,Application Update – AI Engineer,We reviewed your profile and would like you to take an assessment test to proceed. Reply within 24 hours. Add me on Microsoft Teams using the link provided.,hr.department@yahoo.com,yahoo.com,KPMG,kpmg.com,0,1,1,0,0,1,1,0,1
135,Immediate Hiring – Data Analyst,Congratulations. You have been selected for a remote position. No interview required. Please confirm today to begin onboarding.,talent.kpmg@hire-now-careers.com,hire-now-careers.com,KPMG,kpmg.com,0,1,0,0,0,1,0,1,1
136,Application Update – Cloud Data Engineer,We reviewed your profile and would like you to take an assessment test to proceed. Reply within 24 hours. Add me on Microsoft Teams using the link provided.,recruitment.team@secure-offer-letter.com,secure-offer-letter.com,Airbnb,airbnb.com,0,1,1,0,0,1,1,0,1
137,Application Update – Platform Engineer,"To secure your position, confirm your interest and provide your personal details for onboarding. We will share salary and benefits after your confirmation.",hr.department@recruit-portal-mail.com,recruit-portal-mail.com,IBM,ibm.com,0,1,0,0,1,0,1,0,1
138,Remote Job Offer – AI Operations Generalist,"We offer competitive pay, sign-on bonus, training incentive and remote workstation stipend. Complete the attached assessment and send your responses by end of day.",hiring.jobs-uber@hire-now-careers.com,hire-now-careers.com,Uber,uber.com,0,1,0,1,1,1,0,0,1
139,Assessment Test Required – Platform Engineer,Congratulations. You have been selected for a remote position. No interview required. Please confirm today to begin onboarding.,talent.jpmorganchase@outlook.com,outlook.com,JPMorgan Chase,jpmorgan.com,0,1,0,0,0,1,0,1,1
140,Remote Job Offer – AI Engineer,"To secure your position, confirm your interest and provide your personal details for onboarding. We will share salary and benefits after your confirmation.",recruitment.team@talent-onboard-now.com,talent-onboard-now.com,Walmart,walmart.com,0,1,0,0,1,0,1,0,1
141,Application Update – AI Operations Generalist,We reviewed your profile and would like you to take an assessment test to proceed. Reply within 24 hours. Add me on Microsoft Teams using the link provided.,assessment.coordinator@secure-offer-letter.com,secure-offer-letter.com,Adobe,adobe.com,0,1,1,0,0,1,1,0,1
142,Invitation to Interview and Assessment – MLOps Engineer,We reviewed your profile and would like you to take an assessment test to proceed. Reply within 24 hours. Add me on Microsoft Teams using the link provided.,assessment.coordinator@secure-offer-letter.com,secure-offer-letter.com,Pfizer,pfizer.com,0,1,1,0,0,1,1,0,1
143,Offer Confirmation – AI Engineer,We reviewed your profile and would like you to take an assessment test to proceed. Reply within 24 hours. Add me on Microsoft Teams using the link provided.,hiring.jobs-accenture@gmail.com,gmail.com,Accenture,accenture.com,0,1,1,0,0,1,1,0,1
144,Final Selection Notice – Platform Engineer,We reviewed your profile and would like you to take an assessment test to proceed. Reply within 24 hours. Add me on Microsoft Teams using the link provided.,careers.apple@talent-onboard-now.com,talent-onboard-now.com,Apple,apple.com,0,1,1,0,0,1,1,0,1
145,Invitation to Interview and Assessment – AI Operations Generalist,Congratulations. You have been selected for a remote position. No interview required. Please confirm today to begin onboarding.,hrinfo.kpmg@gmail.com,gmail.com,KPMG,kpmg.com,0,1,0,0,0,1,0,1,1
146,Application Update – Software Engineer,"We offer competitive pay, sign-on bonus, training incentive and remote workstation stipend. Complete the attached assessment and send your responses by end of day.",careers.tesla@secure-offer-letter.com,secure-offer-letter.com,Tesla,tesla.com,0,1,0,1,1,1,0,0,1
147,Immediate Hiring – Data Analyst,Your application has been approved. Kindly provide your full address and phone number to proceed. We are hiring urgently.,recruitment.team@gmail.com,gmail.com,Amazon,amazon.jobs,0,1,0,0,0,1,1,1,1
148,Offer Confirmation – AI Engineer,Your application has been approved. Kindly provide your full address and phone number to proceed. We are hiring urgently.,hrinfo.intel@viazohorecruit.com,viazohorecruit.com,Intel,intel.com,0,1,0,0,0,1,1,1,1
149,Remote Job Offer – Software Engineer,"We offer competitive pay, sign-on bonus, training incentive and remote workstation stipend. Complete the attached assessment and send your responses by end of day.",recruiting.kpmg@hire-now-careers.com,hire-now-careers.com,KPMG,kpmg.com,0,1,0,1,1,1,0,0,1
150,Application Update – Platform Engineer,Your application has been approved. Kindly provide your full address and phone number to proceed. We are hiring urgently.,hrinfo.deloitte@gmail.com,gmail.com,Deloitte,deloitte.com,0,1,0,0,0,1,1,1,1
151,Interview Invitation – Software Engineer,Thank you for applying. Our team reviewed your application and would like to schedule an initial interview to discuss your background. Please share your availability for the coming week.,hr@ibm.com,ibm.com,IBM,ibm.com,1,0,0,0,0,0,0,0,0
152,Interview Invitation – Data Scientist,"Following our review, we'd like to move forward with a recruiter screen. Please choose a time from the scheduling options in our applicant portal.",hr@deloitte.com,deloitte.com,Deloitte,deloitte.com,1,0,1,0,0,0,0,0,0
153,Next Steps – Data Scientist,"We are currently reviewing applications. If selected, we will reach out to schedule next steps. Thank you for your interest.",ta@jpmorgan.com,jpmorgan.com,JPMorgan Chase,jpmorgan.com,1,0,0,0,0,0,0,0,0
154,Thank you for applying – Business Analyst,"We enjoyed reviewing your application. Next step is a 20–30 minute recruiter call to discuss role scope, compensation range, and timeline.",jobs@lufthansagroup.com,lufthansagroup.com,Lufthansa Group,lufthansagroup.com,1,0,0,0,1,0,0,0,0
155,Application Update – Data Scientist,Thank you for applying. Our team reviewed your application and would like to schedule an initial interview to discuss your background. Please share your availability for the coming week.,talent@jpmorgan.com,jpmorgan.com,JPMorgan Chase,jpmorgan.com,1,0,0,0,0,0,0,0,0
156,Interview Invitation – Platform Engineer,"We are currently reviewing applications. If selected, we will reach out to schedule next steps. Thank you for your interest.",ta@paypal.com,paypal.com,PayPal,paypal.com,1,0,0,0,0,0,0,0,0
157,Application Update – Software Engineer,"We are currently reviewing applications. If selected, we will reach out to schedule next steps. Thank you for your interest.",ta@netflix.com,netflix.com,Netflix,netflix.com,1,0,0,0,0,0,0,0,0
158,Next Steps – Software Engineer,Thank you for applying. Our team reviewed your application and would like to schedule an initial interview to discuss your background. Please share your availability for the coming week.,ta@microsoft.com,microsoft.com,Microsoft,microsoft.com,1,0,0,0,0,0,0,0,0
159,Application Update – Machine Learning Engineer,"We enjoyed reviewing your application. Next step is a 20–30 minute recruiter call to discuss role scope, compensation range, and timeline.",university.recruiting@boeing.com,boeing.com,Boeing,boeing.com,1,0,0,0,1,0,0,0,0
160,Scheduling Request – AI Operations Generalist,"We are currently reviewing applications. If selected, we will reach out to schedule next steps. Thank you for your interest.",university.recruiting@sap.com,sap.com,SAP,sap.com,1,0,0,0,0,0,0,0,0
161,Interview Invitation – AI Engineer,Please confirm your availability for an interview with our hiring team. This message was sent from our official recruiting mailbox.,careers@lufthansagroup.com,lufthansagroup.com,Lufthansa Group,lufthansagroup.com,1,0,0,0,0,0,0,0,0
162,Thank you for applying – AI Operations Generalist,Thank you for applying. Our team reviewed your application and would like to schedule an initial interview to discuss your background. Please share your availability for the coming week.,careers@ibm.com,ibm.com,IBM,ibm.com,1,0,0,0,0,0,0,0,0
163,Thank you for applying – MLOps Engineer,"Following our review, we'd like to move forward with a recruiter screen. Please choose a time from the scheduling options in our applicant portal.",recruiting@oracle.com,oracle.com,Oracle,oracle.com,1,0,1,0,0,0,0,0,0
164,Next Steps – Machine Learning Engineer,"We are currently reviewing applications. If selected, we will reach out to schedule next steps. Thank you for your interest.",careers@google.com,google.com,Google,google.com,1,0,0,0,0,0,0,0,0
165,Thank you for applying – Platform Engineer,"We enjoyed reviewing your application. Next step is a 20–30 minute recruiter call to discuss role scope, compensation range, and timeline.",talent.acquisition@tesla.com,tesla.com,Tesla,tesla.com,1,0,0,0,1,0,0,0,0
166,Next Steps – Data Scientist,"Following our review, we'd like to move forward with a recruiter screen. Please choose a time from the scheduling options in our applicant portal.",ta@adobe.com,adobe.com,Adobe,adobe.com,1,0,1,0,0,0,0,0,0
167,Interview Invitation – Data Analyst,Thank you for applying. Our team reviewed your application and would like to schedule an initial interview to discuss your background. Please share your availability for the coming week.,talent@meta.com,meta.com,Meta,meta.com,1,0,0,0,0,0,0,0,0
168,Recruiter Introduction – Business Analyst,Thank you for applying. Our team reviewed your application and would like to schedule an initial interview to discuss your background. Please share your availability for the coming week.,hr@google.com,google.com,Google,google.com,1,0,0,0,0,0,0,0,0
169,Next Steps – Business Analyst,"We enjoyed reviewing your application. Next step is a 20–30 minute recruiter call to discuss role scope, compensation range, and timeline.",recruiting@oracle.com,oracle.com,Oracle,oracle.com,1,0,0,0,1,0,0,0,0
170,Application Update – MLOps Engineer,"Following our review, we'd like to move forward with a recruiter screen. Please choose a time from the scheduling options in our applicant portal.",ta@lufthansagroup.com,lufthansagroup.com,Lufthansa Group,lufthansagroup.com,1,0,1,0,0,0,0,0,0
171,Next Steps – Business Analyst,"We enjoyed reviewing your application. Next step is a 20–30 minute recruiter call to discuss role scope, compensation range, and timeline.",talent.acquisition@netflix.com,netflix.com,Netflix,netflix.com,1,0,0,0,1,0,0,0,0
172,Application Update – Data Scientist,"We enjoyed reviewing your application. Next step is a 20–30 minute recruiter call to discuss role scope, compensation range, and timeline.",talent.acquisition@tesla.com,tesla.com,Tesla,tesla.com,1,0,0,0,1,0,0,0,0
173,Recruiter Introduction – AI Operations Generalist,Thank you for applying. Our team reviewed your application and would like to schedule an initial interview to discuss your background. Please share your availability for the coming week.,talent.acquisition@oracle.com,oracle.com,Oracle,oracle.com,1,0,0,0,0,0,0,0,0
174,Thank you for applying – AI Engineer,Thank you for applying. Our team reviewed your application and would like to schedule an initial interview to discuss your background. Please share your availability for the coming week.,jobs@intel.com,intel.com,Intel,intel.com,1,0,0,0,0,0,0,0,0
175,Next Steps – Software Engineer,Please confirm your availability for an interview with our hiring team. This message was sent from our official recruiting mailbox.,talent.acquisition@cisco.com,cisco.com,Cisco,cisco.com,1,0,0,0,0,0,0,0,0
176,Next Steps – Business Analyst,"Following our review, we'd like to move forward with a recruiter screen. Please choose a time from the scheduling options in our applicant portal.",talent.acquisition@intel.com,intel.com,Intel,intel.com,1,0,1,0,0,0,0,0,0
177,Thank you for applying – Cloud Data Engineer,Thank you for applying. Our team reviewed your application and would like to schedule an initial interview to discuss your background. Please share your availability for the coming week.,talent.acquisition@paypal.com,paypal.com,PayPal,paypal.com,1,0,0,0,0,0,0,0,0
178,Interview Invitation – AI Engineer,"We enjoyed reviewing your application. Next step is a 20–30 minute recruiter call to discuss role scope, compensation range, and timeline.",ta@stripe.com,stripe.com,Stripe,stripe.com,1,0,0,0,1,0,0,0,0
179,Next Steps – Data Scientist,"We enjoyed reviewing your application. Next step is a 20–30 minute recruiter call to discuss role scope, compensation range, and timeline.",ta@uber.com,uber.com,Uber,uber.com,1,0,0,0,1,0,0,0,0
180,Application Update – MLOps Engineer,Thank you for applying. Our team reviewed your application and would like to schedule an initial interview to discuss your background. Please share your availability for the coming week.,talent@apple.com,apple.com,Apple,apple.com,1,0,0,0,0,0,0,0,0
181,Scheduling Request – Machine Learning Engineer,"We are currently reviewing applications. If selected, we will reach out to schedule next steps. Thank you for your interest.",jobs@stripe.com,stripe.com,Stripe,stripe.com,1,0,0,0,0,0,0,0,0
182,Recruiter Introduction – Business Analyst,"Following our review, we'd like to move forward with a recruiter screen. Please choose a time from the scheduling options in our applicant portal.",recruiting@linkedin.com,linkedin.com,LinkedIn,linkedin.com,1,0,1,0,0,0,0,0,0
183,Recruiter Introduction – AI Engineer,"We are currently reviewing applications. If selected, we will reach out to schedule next steps. Thank you for your interest.",hr@ey.com,ey.com,EY,ey.com,1,0,0,0,0,0,0,0,0
184,Thank you for applying – Data Analyst,Thank you for applying. Our team reviewed your application and would like to schedule an initial interview to discuss your background. Please share your availability for the coming week.,ta@ibm.com,ibm.com,IBM,ibm.com,1,0,0,0,0,0,0,0,0
185,Next Steps – Platform Engineer,"We are currently reviewing applications. If selected, we will reach out to schedule next steps. Thank you for your interest.",university.recruiting@kpmg.com,kpmg.com,KPMG,kpmg.com,1,0,0,0,0,0,0,0,0
186,Interview Invitation – Data Analyst,"Following our review, we'd like to move forward with a recruiter screen. Please choose a time from the scheduling options in our applicant portal.",recruiting@walmart.com,walmart.com,Walmart,walmart.com,1,0,1,0,0,0,0,0,0
187,Recruiter Introduction – Data Analyst,"We enjoyed reviewing your application. Next step is a 20–30 minute recruiter call to discuss role scope, compensation range, and timeline.",ta@netflix.com,netflix.com,Netflix,netflix.com,1,0,0,0,1,0,0,0,0
188,Application Update – AI Engineer,"We enjoyed reviewing your application. Next step is a 20–30 minute recruiter call to discuss role scope, compensation range, and timeline.",ta@meta.com,meta.com,Meta,meta.com,1,0,0,0,1,0,0,0,0
189,Thank you for applying – AI Engineer,Please confirm your availability for an interview with our hiring team. This message was sent from our official recruiting mailbox.,recruiting@boeing.com,boeing.com,Boeing,boeing.com,1,0,0,0,0,0,0,0,0
190,Next Steps – Software Engineer,"Following our review, we'd like to move forward with a recruiter screen. Please choose a time from the scheduling options in our applicant portal.",talent@uber.com,uber.com,Uber,uber.com,1,0,1,0,0,0,0,0,0
191,Thank you for applying – Software Engineer,"Following our review, we'd like to move forward with a recruiter screen. Please choose a time from the scheduling options in our applicant portal.",hr@cisco.com,cisco.com,Cisco,cisco.com,1,0,1,0,0,0,0,0,0
192,Application Update – AI Engineer,"We are currently reviewing applications. If selected, we will reach out to schedule next steps. Thank you for your interest.",hr@accenture.com,accenture.com,Accenture,accenture.com,1,0,0,0,0,0,0,0,0
193,Scheduling Request – Software Engineer,"We are currently reviewing applications. If selected, we will reach out to schedule next steps. Thank you for your interest.",jobs@apple.com,apple.com,Apple,apple.com,1,0,0,0,0,0,0,0,0
194,Next Steps – Data Scientist,"We are currently reviewing applications. If selected, we will reach out to schedule next steps. Thank you for your interest.",hr@google.com,google.com,Google,google.com,1,0,0,0,0,0,0,0,0
195,Thank you for applying – Data Analyst,"We enjoyed reviewing your application. Next step is a 20–30 minute recruiter call to discuss role scope, compensation range, and timeline.",talent.acquisition@tesla.com,tesla.com,Tesla,tesla.com,1,0,0,0,1,0,0,0,0
196,Recruiter Introduction – AI Operations Generalist,"We are currently reviewing applications. If selected, we will reach out to schedule next steps. Thank you for your interest.",ta@amazon.jobs,amazon.jobs,Amazon,amazon.jobs,1,0,0,0,0,0,0,0,0
197,Interview Invitation – Business Analyst,"Following our review, we'd like to move forward with a recruiter screen. Please choose a time from the scheduling options in our applicant portal.",hr@sap.com,sap.com,SAP,sap.com,1,0,1,0,0,0,0,0,0
198,Application Update – AI Operations Generalist,Please confirm your availability for an interview with our hiring team. This message was sent from our official recruiting mailbox.,hr@amazon.jobs,amazon.jobs,Amazon,amazon.jobs,1,0,0,0,0,0,0,0,0
199,Next Steps – Data Analyst,Please confirm your availability for an interview with our hiring team. This message was sent from our official recruiting mailbox.,careers@sap.com,sap.com,SAP,sap.com,1,0,0,0,0,0,0,0,0
200,Next Steps – Cloud Data Engineer,Thank you for applying. Our team reviewed your application and would like to schedule an initial interview to discuss your background. Please share your availability for the coming week.,recruiting@accenture.com,accenture.com,Accenture,accenture.com,1,0,0,0,0,0,0,0,0
201,Thank you for applying – Cloud Data Engineer,Please confirm your availability for an interview with our hiring team. This message was sent from our official recruiting mailbox.,jobs@tesla.com,tesla.com,Tesla,tesla.com,1,0,0,0,0,0,0,0,0
202,Next Steps – AI Operations Generalist,"Following our review, we'd like to move forward with a recruiter screen. Please choose a time from the scheduling options in our applicant portal.",careers@netflix.com,netflix.com,Netflix,netflix.com,1,0,1,0,0,0,0,0,0
203,Next Steps – AI Engineer,Thank you for applying. Our team reviewed your application and would like to schedule an initial interview to discuss your background. Please share your availability for the coming week.,hr@lufthansagroup.com,lufthansagroup.com,Lufthansa Group,lufthansagroup.com,1,0,0,0,0,0,0,0,0
204,Next Steps – AI Operations Generalist,"We enjoyed reviewing your application. Next step is a 20–30 minute recruiter call to discuss role scope, compensation range, and timeline.",jobs@stripe.com,stripe.com,Stripe,stripe.com,1,0,0,0,1,0,0,0,0
205,Next Steps – Cloud Data Engineer,Thank you for applying. Our team reviewed your application and would like to schedule an initial interview to discuss your background. Please share your availability for the coming week.,hr@meta.com,meta.com,Meta,meta.com,1,0,0,0,0,0,0,0,0
206,Scheduling Request – MLOps Engineer,"We enjoyed reviewing your application. Next step is a 20–30 minute recruiter call to discuss role scope, compensation range, and timeline.",recruiting@lufthansagroup.com,lufthansagroup.com,Lufthansa Group,lufthansagroup.com,1,0,0,0,1,0,0,0,0
207,Recruiter Introduction – Data Analyst,Please confirm your availability for an interview with our hiring team. This message was sent from our official recruiting mailbox.,careers@ibm.com,ibm.com,IBM,ibm.com,1,0,0,0,0,0,0,0,0
208,Interview Invitation – Platform Engineer,"We are currently reviewing applications. If selected, we will reach out to schedule next steps. Thank you for your interest.",university.recruiting@tesla.com,tesla.com,Tesla,tesla.com,1,0,0,0,0,0,0,0,0
209,Recruiter Introduction – Software Engineer,"Following our review, we'd like to move forward with a recruiter screen. Please choose a time from the scheduling options in our applicant portal.",talent@goldmansachs.com,goldmansachs.com,Goldman Sachs,goldmansachs.com,1,0,1,0,0,0,0,0,0
210,Next Steps – AI Operations Generalist,Please confirm your availability for an interview with our hiring team. This message was sent from our official recruiting mailbox.,jobs@ibm.com,ibm.com,IBM,ibm.com,1,0,0,0,0,0,0,0,0
211,Interview Invitation – Data Scientist,"Following our review, we'd like to move forward with a recruiter screen. Please choose a time from the scheduling options in our applicant portal.",hr@ibm.com,ibm.com,IBM,ibm.com,1,0,1,0,0,0,0,0,0
212,Application Update – Data Scientist,Thank you for applying. Our team reviewed your application and would like to schedule an initial interview to discuss your background. Please share your availability for the coming week.,university.recruiting@oracle.com,oracle.com,Oracle,oracle.com,1,0,0,0,0,0,0,0,0
213,Recruiter Introduction – Machine Learning Engineer,Thank you for applying. Our team reviewed your application and would like to schedule an initial interview to discuss your background. Please share your availability for the coming week.,recruiting@walmart.com,walmart.com,Walmart,walmart.com,1,0,0,0,0,0,0,0,0
214,Next Steps – Cloud Data Engineer,"We enjoyed reviewing your application. Next step is a 20–30 minute recruiter call to discuss role scope, compensation range, and timeline.",careers@oracle.com,oracle.com,Oracle,oracle.com,1,0,0,0,1,0,0,0,0
215,Interview Invitation – AI Operations Generalist,Please confirm your availability for an interview with our hiring team. This message was sent from our official recruiting mailbox.,careers@apple.com,apple.com,Apple,apple.com,1,0,0,0,0,0,0,0,0
216,Interview Invitation – Data Scientist,Please confirm your availability for an interview with our hiring team. This message was sent from our official recruiting mailbox.,jobs@tesla.com,tesla.com,Tesla,tesla.com,1,0,0,0,0,0,0,0,0
217,Application Update – Platform Engineer,"We are currently reviewing applications. If selected, we will reach out to schedule next steps. Thank you for your interest.",jobs@paypal.com,paypal.com,PayPal,paypal.com,1,0,0,0,0,0,0,0,0
218,Scheduling Request – Machine Learning Engineer,"We are currently reviewing applications. If selected, we will reach out to schedule next steps. Thank you for your interest.",recruiting@adobe.com,adobe.com,Adobe,adobe.com,1,0,0,0,0,0,0,0,0
219,Recruiter Introduction – Data Scientist,"We are currently reviewing applications. If selected, we will reach out to schedule next steps. Thank you for your interest.",talent@amazon.jobs,amazon.jobs,Amazon,amazon.jobs,1,0,0,0,0,0,0,0,0
220,Recruiter Introduction – AI Operations Generalist,"Following our review, we'd like to move forward with a recruiter screen. Please choose a time from the scheduling options in our applicant portal.",talent.acquisition@apple.com,apple.com,Apple,apple.com,1,0,1,0,0,0,0,0,0
221,Interview Invitation – Data Scientist,Please confirm your availability for an interview with our hiring team. This message was sent from our official recruiting mailbox.,careers@boeing.com,boeing.com,Boeing,boeing.com,1,0,0,0,0,0,0,0,0
222,Scheduling Request – AI Engineer,"We enjoyed reviewing your application. Next step is a 20–30 minute recruiter call to discuss role scope, compensation range, and timeline.",hr@tesla.com,tesla.com,Tesla,tesla.com,1,0,0,0,1,0,0,0,0
223,Application Update – MLOps Engineer,Please confirm your availability for an interview with our hiring team. This message was sent from our official recruiting mailbox.,hr@stripe.com,stripe.com,Stripe,stripe.com,1,0,0,0,0,0,0,0,0
224,Scheduling Request – Data Scientist,"We are currently reviewing applications. If selected, we will reach out to schedule next steps. Thank you for your interest.",university.recruiting@lufthansagroup.com,lufthansagroup.com,Lufthansa Group,lufthansagroup.com,1,0,0,0,0,0,0,0,0
225,Application Update – Data Analyst,"We are currently reviewing applications. If selected, we will reach out to schedule next steps. Thank you for your interest.",hr@cisco.com,cisco.com,Cisco,cisco.com,1,0,0,0,0,0,0,0,0
226,Client Interview Coordination – Platform Engineer,"Hi Sharath Nyalakonda, I'm a recruiter with Randstad. I’m reaching out regarding a Platform Engineer opportunity supporting our client Lufthansa Group. If you're interested, I'd like to schedule a brief screening call (15–20 minutes).",coordinator@randstad.com,randstad.com,Lufthansa Group,lufthansagroup.com,0,1,0,0,0,0,0,0,0
227,Next Steps with Client – MLOps Engineer,"Thanks for your interest. As a staffing partner for Boeing, ManpowerGroup will conduct an initial screening and then coordinate the interview process with the client. Please reply with times that work for you.",sourcer@manpowergroup.com,manpowergroup.com,Boeing,boeing.com,0,1,0,0,0,0,0,0,0
228,Next Steps with Client – Data Scientist,"Hello Sharath Nyalakonda, I represent Kelly Services, an approved staffing vendor for IBM. Please confirm your interest and we’ll schedule your initial screening call. No documents are required at this stage.",ta@kellyservices.com,kellyservices.com,IBM,ibm.com,0,1,0,0,0,0,0,1,0
229,Talent Screening – AI Operations Generalist,"Hi Sharath Nyalakonda, I'm with Randstad. We support Meta's recruiting for a AI Operations Generalist. Next step is a short screening call; after that we’ll share the job description, pay range, and interview timeline from the client.",ta@randstad.com,randstad.com,Meta,meta.com,0,1,0,0,1,0,0,0,0
230,Screening Call Request – MLOps Engineer,"Hi Sharath Nyalakonda, I'm with Apex Systems. We support Microsoft's recruiting for a MLOps Engineer. Next step is a short screening call; after that we’ll share the job description, pay range, and interview timeline from the client.",coordinator@apexsystems.com,apexsystems.com,Microsoft,microsoft.com,0,1,0,0,1,0,0,0,0
231,Client Interview Coordination – Data Analyst,"Hi Sharath Nyalakonda, I'm with TEKsystems. We support Amazon's recruiting for a Data Analyst. Next step is a short screening call; after that we’ll share the job description, pay range, and interview timeline from the client.",screening@teksystems.com,teksystems.com,Amazon,amazon.jobs,0,1,0,0,1,0,0,0,0
232,Recruiter Outreach (Agency) – MLOps Engineer,"Hello Sharath Nyalakonda, Randstad is assisting Google with hiring for a MLOps Engineer. If you're open to the role, please share your availability for a quick phone screen before we coordinate interviews with the client team.",talent@randstad.com,randstad.com,Google,google.com,0,1,0,0,0,0,0,0,0
233,Recruiter Outreach (Agency) – Business Analyst,"Hello Sharath Nyalakonda, I represent Robert Half, an approved staffing vendor for SAP. Please confirm your interest and we’ll schedule your initial screening call. No documents are required at this stage.",coordinator@roberthalf.com,roberthalf.com,SAP,sap.com,0,1,0,0,0,0,0,1,0
234,Recruiter Outreach (Agency) – Machine Learning Engineer,"Hello Sharath Nyalakonda, I represent Randstad, an approved staffing vendor for Tesla. Please confirm your interest and we’ll schedule your initial screening call. No documents are required at this stage.",talent@randstad.com,randstad.com,Tesla,tesla.com,0,1,0,0,0,0,0,1,0
235,Client Interview Coordination – Machine Learning Engineer,"Hello Sharath Nyalakonda, Apex Systems is assisting Netflix with hiring for a Machine Learning Engineer. If you're open to the role, please share your availability for a quick phone screen before we coordinate interviews with the client team.",sourcer@apexsystems.com,apexsystems.com,Netflix,netflix.com,0,1,0,0,0,0,0,0,0
236,Screening Call Request – Business Analyst,"Thanks for your interest. As a staffing partner for Google, ManpowerGroup will conduct an initial screening and then coordinate the interview process with the client. Please reply with times that work for you.",hr@manpowergroup.com,manpowergroup.com,Google,google.com,0,1,0,0,0,0,0,0,0
237,Client Interview Coordination – MLOps Engineer,"Hello Sharath Nyalakonda, I represent TEKsystems, an approved staffing vendor for Walmart. Please confirm your interest and we’ll schedule your initial screening call. No documents are required at this stage.",ta@teksystems.com,teksystems.com,Walmart,walmart.com,0,1,0,0,0,0,0,1,0
238,Talent Screening – Cloud Data Engineer,"Hello Sharath Nyalakonda, I represent ManpowerGroup, an approved staffing vendor for Netflix. Please confirm your interest and we’ll schedule your initial screening call. No documents are required at this stage.",sourcer@manpowergroup.com,manpowergroup.com,Netflix,netflix.com,0,1,0,0,0,0,0,1,0
239,Screening Call Request – Business Analyst,"Hello Sharath Nyalakonda, Randstad is assisting Salesforce with hiring for a Business Analyst. If you're open to the role, please share your availability for a quick phone screen before we coordinate interviews with the client team.",coordinator@randstad.com,randstad.com,Salesforce,salesforce.com,0,1,0,0,0,0,0,0,0
240,Next Steps with Client – Software Engineer,"Hello Sharath Nyalakonda, Kelly Services is assisting Meta with hiring for a Software Engineer. If you're open to the role, please share your availability for a quick phone screen before we coordinate interviews with the client team.",hr@kellyservices.com,kellyservices.com,Meta,meta.com,0,1,0,0,0,0,0,0,0
241,Client Interview Coordination – Platform Engineer,"Hi Sharath Nyalakonda, I'm with Randstad. We support Amazon's recruiting for a Platform Engineer. Next step is a short screening call; after that we’ll share the job description, pay range, and interview timeline from the client.",talent@randstad.com,randstad.com,Amazon,amazon.jobs,0,1,0,0,1,0,0,0,0
242,Client Interview Coordination – Platform Engineer,"Thanks for your interest. As a staffing partner for Intel, Insight Global will conduct an initial screening and then coordinate the interview process with the client. Please reply with times that work for you.",coordinator@insightglobal.com,insightglobal.com,Intel,intel.com,0,1,0,0,0,0,0,0,0
243,Client Interview Coordination – Cloud Data Engineer,"Thanks for your interest. As a staffing partner for Cisco, TEKsystems will conduct an initial screening and then coordinate the interview process with the client. Please reply with times that work for you.",talent@teksystems.com,teksystems.com,Cisco,cisco.com,0,1,0,0,0,0,0,0,0
244,Talent Screening – AI Engineer,"Hi Sharath Nyalakonda, I'm a recruiter with TEKsystems. I’m reaching out regarding a AI Engineer opportunity supporting our client Accenture. If you're interested, I'd like to schedule a brief screening call (15–20 minutes).",hr@teksystems.com,teksystems.com,Accenture,accenture.com,0,1,0,0,0,0,0,0,0
245,Client Interview Coordination – Platform Engineer,"Hello Sharath Nyalakonda, I represent ManpowerGroup, an approved staffing vendor for Stripe. Please confirm your interest and we’ll schedule your initial screening call. No documents are required at this stage.",screening@manpowergroup.com,manpowergroup.com,Stripe,stripe.com,0,1,0,0,0,0,0,1,0
246,Screening Call Request – AI Operations Generalist,"Hello Sharath Nyalakonda, Randstad is assisting PayPal with hiring for a AI Operations Generalist. If you're open to the role, please share your availability for a quick phone screen before we coordinate interviews with the client team.",hr@randstad.com,randstad.com,PayPal,paypal.com,0,1,0,0,0,0,0,0,0
247,Talent Screening – Data Scientist,"Thanks for your interest. As a staffing partner for Boeing, Insight Global will conduct an initial screening and then coordinate the interview process with the client. Please reply with times that work for you.",recruiter@insightglobal.com,insightglobal.com,Boeing,boeing.com,0,1,0,0,0,0,0,0,0
248,Talent Screening – MLOps Engineer,"Hi Sharath Nyalakonda, I'm a recruiter with Adecco. I’m reaching out regarding a MLOps Engineer opportunity supporting our client Apple. If you're interested, I'd like to schedule a brief screening call (15–20 minutes).",recruiter@adecco.com,adecco.com,Apple,apple.com,0,1,0,0,0,0,0,0,0
249,Client Interview Coordination – AI Operations Generalist,"Hi Sharath Nyalakonda, I'm a recruiter with Kelly Services. I’m reaching out regarding a AI Operations Generalist opportunity supporting our client Lufthansa Group. If you're interested, I'd like to schedule a brief screening call (15–20 minutes).",screening@kellyservices.com,kellyservices.com,Lufthansa Group,lufthansagroup.com,0,1,0,0,0,0,0,0,0
250,Talent Screening – AI Engineer,"Thanks for your interest. As a staffing partner for KPMG, Insight Global will conduct an initial screening and then coordinate the interview process with the client. Please reply with times that work for you.",staffing@insightglobal.com,insightglobal.com,KPMG,kpmg.com,0,1,0,0,0,0,0,0,0
251,Screening Call Request – Business Analyst,"Hello Sharath Nyalakonda, Apex Systems is assisting Netflix with hiring for a Business Analyst. If you're open to the role, please share your availability for a quick phone screen before we coordinate interviews with the client team.",recruiter@apexsystems.com,apexsystems.com,Netflix,netflix.com,0,1,0,0,0,0,0,0,0
252,Next Steps with Client – AI Engineer,"Hi Sharath Nyalakonda, I'm a recruiter with TEKsystems. I’m reaching out regarding a AI Engineer opportunity supporting our client SAP. If you're interested, I'd like to schedule a brief screening call (15–20 minutes).",talent@teksystems.com,teksystems.com,SAP,sap.com,0,1,0,0,0,0,0,0,0
253,Next Steps with Client – Machine Learning Engineer,"Thanks for your interest. As a staffing partner for Tesla, ManpowerGroup will conduct an initial screening and then coordinate the interview process with the client. Please reply with times that work for you.",recruiter@manpowergroup.com,manpowergroup.com,Tesla,tesla.com,0,1,0,0,0,0,0,0,0
254,Talent Screening – Platform Engineer,"Hello Sharath Nyalakonda, I represent Kelly Services, an approved staffing vendor for Lufthansa Group. Please confirm your interest and we’ll schedule your initial screening call. No documents are required at this stage.",ta@kellyservices.com,kellyservices.com,Lufthansa Group,lufthansagroup.com,0,1,0,0,0,0,0,1,0
255,Screening Call Request – Platform Engineer,"Hello Sharath Nyalakonda, Apex Systems is assisting Boeing with hiring for a Platform Engineer. If you're open to the role, please share your availability for a quick phone screen before we coordinate interviews with the client team.",recruiter@apexsystems.com,apexsystems.com,Boeing,boeing.com,0,1,0,0,0,0,0,0,0
256,Next Steps with Client – AI Operations Generalist,"Hello Sharath Nyalakonda, Randstad is assisting Lufthansa Group with hiring for a AI Operations Generalist. If you're open to the role, please share your availability for a quick phone screen before we coordinate interviews with the client team.",sourcer@randstad.com,randstad.com,Lufthansa Group,lufthansagroup.com,0,1,0,0,0,0,0,0,0
257,Recruiter Outreach (Agency) – AI Operations Generalist,"Hello Sharath Nyalakonda, I represent Robert Half, an approved staffing vendor for Meta. Please confirm your interest and we’ll schedule your initial screening call. No documents are required at this stage.",sourcer@roberthalf.com,roberthalf.com,Meta,meta.com,0,1,0,0,0,0,0,1,0
258,Talent Screening – Data Scientist,"Hello Sharath Nyalakonda, I represent Adecco, an approved staffing vendor for Apple. Please confirm your interest and we’ll schedule your initial screening call. No documents are required at this stage.",coordinator@adecco.com,adecco.com,Apple,apple.com,0,1,0,0,0,0,0,1,0
259,Talent Screening – Cloud Data Engineer,"Thanks for your interest. As a staffing partner for Stripe, TEKsystems will conduct an initial screening and then coordinate the interview process with the client. Please reply with times that work for you.",talent@teksystems.com,teksystems.com,Stripe,stripe.com,0,1,0,0,0,0,0,0,0
260,Talent Screening – AI Operations Generalist,"Hi Sharath Nyalakonda, I'm a recruiter with Apex Systems. I’m reaching out regarding a AI Operations Generalist opportunity supporting our client Adobe. If you're interested, I'd like to schedule a brief screening call (15–20 minutes).",coordinator@apexsystems.com,apexsystems.com,Adobe,adobe.com,0,1,0,0,0,0,0,0,0
261,Recruiter Outreach (Agency) – Data Scientist,"Hi Sharath Nyalakonda, I'm with Apex Systems. We support LinkedIn's recruiting for a Data Scientist. Next step is a short screening call; after that we’ll share the job description, pay range, and interview timeline from the client.",staffing@apexsystems.com,apexsystems.com,LinkedIn,linkedin.com,0,1,0,0,1,0,0,0,0
262,Screening Call Request – Data Analyst,"Hi Sharath Nyalakonda, I'm a recruiter with ManpowerGroup. I’m reaching out regarding a Data Analyst opportunity supporting our client Microsoft. If you're interested, I'd like to schedule a brief screening call (15–20 minutes).",talent@manpowergroup.com,manpowergroup.com,Microsoft,microsoft.com,0,1,0,0,0,0,0,0,0
263,Client Interview Coordination – Software Engineer,"Hello Sharath Nyalakonda, I represent Randstad, an approved staffing vendor for Salesforce. Please confirm your interest and we’ll schedule your initial screening call. No documents are required at this stage.",coordinator@randstad.com,randstad.com,Salesforce,salesforce.com,0,1,0,0,0,0,0,1,0
264,Client Interview Coordination – Platform Engineer,"Hello Sharath Nyalakonda, ManpowerGroup is assisting JPMorgan Chase with hiring for a Platform Engineer. If you're open to the role, please share your availability for a quick phone screen before we coordinate interviews with the client team.",talent@manpowergroup.com,manpowergroup.com,JPMorgan Chase,jpmorgan.com,0,1,0,0,0,0,0,0,0
265,Screening Call Request – Platform Engineer,"Thanks for your interest. As a staffing partner for Walmart, Randstad will conduct an initial screening and then coordinate the interview process with the client. Please reply with times that work for you.",sourcer@randstad.com,randstad.com,Walmart,walmart.com,0,1,0,0,0,0,0,0,0
266,Client Interview Coordination – AI Engineer,"Hello Sharath Nyalakonda, TEKsystems is assisting Stripe with hiring for a AI Engineer. If you're open to the role, please share your availability for a quick phone screen before we coordinate interviews with the client team.",coordinator@teksystems.com,teksystems.com,Stripe,stripe.com,0,1,0,0,0,0,0,0,0
267,Next Steps with Client – Cloud Data Engineer,"Hello Sharath Nyalakonda, I represent Adecco, an approved staffing vendor for Salesforce. Please confirm your interest and we’ll schedule your initial screening call. No documents are required at this stage.",ta@adecco.com,adecco.com,Salesforce,salesforce.com,0,1,0,0,0,0,0,1,0
268,Recruiter Outreach (Agency) – Platform Engineer,"Hi Sharath Nyalakonda, I'm with Randstad. We support Deloitte's recruiting for a Platform Engineer. Next step is a short screening call; after that we’ll share the job description, pay range, and interview timeline from the client.",sourcer@randstad.com,randstad.com,Deloitte,deloitte.com,0,1,0,0,1,0,0,0,0
269,Next Steps with Client – Software Engineer,"Hello Sharath Nyalakonda, I represent Adecco, an approved staffing vendor for Pfizer. Please confirm your interest and we’ll schedule your initial screening call. No documents are required at this stage.",talent@adecco.com,adecco.com,Pfizer,pfizer.com,0,1,0,0,0,0,0,1,0
270,Recruiter Outreach (Agency) – Machine Learning Engineer,"Hi Sharath Nyalakonda, I'm a recruiter with TEKsystems. I’m reaching out regarding a Machine Learning Engineer opportunity supporting our client Pfizer. If you're interested, I'd like to schedule a brief screening call (15–20 minutes).",talent@teksystems.com,teksystems.com,Pfizer,pfizer.com,0,1,0,0,0,0,0,0,0
271,Client Interview Coordination – Cloud Data Engineer,"Hello Sharath Nyalakonda, TEKsystems is assisting Amazon with hiring for a Cloud Data Engineer. If you're open to the role, please share your availability for a quick phone screen before we coordinate interviews with the client team.",recruiter@teksystems.com,teksystems.com,Amazon,amazon.jobs,0,1,0,0,0,0,0,0,0
272,Recruiter Outreach (Agency) – AI Operations Generalist,"Hi Sharath Nyalakonda, I'm a recruiter with TEKsystems. I’m reaching out regarding a AI Operations Generalist opportunity supporting our client Medtronic. If you're interested, I'd like to schedule a brief screening call (15–20 minutes).",recruiter@teksystems.com,teksystems.com,Medtronic,medtronic.com,0,1,0,0,0,0,0,0,0
273,Screening Call Request – Cloud Data Engineer,"Hello Sharath Nyalakonda, I represent Kelly Services, an approved staffing vendor for Google. Please confirm your interest and we’ll schedule your initial screening call. No documents are required at this stage.",talent@kellyservices.com,kellyservices.com,Google,google.com,0,1,0,0,0,0,0,1,0
274,Screening Call Request – Data Scientist,"Hello Sharath Nyalakonda, Robert Half is assisting Walmart with hiring for a Data Scientist. If you're open to the role, please share your availability for a quick phone screen before we coordinate interviews with the client team.",sourcer@roberthalf.com,roberthalf.com,Walmart,walmart.com,0,1,0,0,0,0,0,0,0
275,Recruiter Outreach (Agency) – AI Operations Generalist,"Thanks for your interest. As a staffing partner for Amazon, Randstad will conduct an initial screening and then coordinate the interview process with the client. Please reply with times that work for you.",ta@randstad.com,randstad.com,Amazon,amazon.jobs,0,1,0,0,0,0,0,0,0
276,Screening Call Request – Machine Learning Engineer,"Thanks for your interest. As a staffing partner for Amazon, Robert Half will conduct an initial screening and then coordinate the interview process with the client. Please reply with times that work for you.",screening@roberthalf.com,roberthalf.com,Amazon,amazon.jobs,0,1,0,0,0,0,0,0,0
277,Recruiter Outreach (Agency) – Data Scientist,"Thanks for your interest. As a staffing partner for Salesforce, ManpowerGroup will conduct an initial screening and then coordinate the interview process with the client. Please reply with times that work for you.",hr@manpowergroup.com,manpowergroup.com,Salesforce,salesforce.com,0,1,0,0,0,0,0,0,0
278,Client Interview Coordination – Software Engineer,"Thanks for your interest. As a staffing partner for SAP, Randstad will conduct an initial screening and then coordinate the interview process with the client. Please reply with times that work for you.",ta@randstad.com,randstad.com,SAP,sap.com,0,1,0,0,0,0,0,0,0
279,Next Steps with Client – Software Engineer,"Hi Sharath Nyalakonda, I'm a recruiter with Randstad. I’m reaching out regarding a Software Engineer opportunity supporting our client LinkedIn. If you're interested, I'd like to schedule a brief screening call (15–20 minutes).",coordinator@randstad.com,randstad.com,LinkedIn,linkedin.com,0,1,0,0,0,0,0,0,0
280,Next Steps with Client – Data Analyst,"Hi Sharath Nyalakonda, I'm a recruiter with Kelly Services. I’m reaching out regarding a Data Analyst opportunity supporting our client EY. If you're interested, I'd like to schedule a brief screening call (15–20 minutes).",sourcer@kellyservices.com,kellyservices.com,EY,ey.com,0,1,0,0,0,0,0,0,0
281,Screening Call Request – Data Analyst,"Hi Sharath Nyalakonda, I'm with ManpowerGroup. We support Goldman Sachs's recruiting for a Data Analyst. Next step is a short screening call; after that we’ll share the job description, pay range, and interview timeline from the client.",recruiter@manpowergroup.com,manpowergroup.com,Goldman Sachs,goldmansachs.com,0,1,0,0,1,0,0,0,0
282,Recruiter Outreach (Agency) – AI Engineer,"Hi Sharath Nyalakonda, I'm a recruiter with ManpowerGroup. I’m reaching out regarding a AI Engineer opportunity supporting our client EY. If you're interested, I'd like to schedule a brief screening call (15–20 minutes).",screening@manpowergroup.com,manpowergroup.com,EY,ey.com,0,1,0,0,0,0,0,0,0
283,Screening Call Request – Data Analyst,"Hi Sharath Nyalakonda, I'm with Apex Systems. We support Deloitte's recruiting for a Data Analyst. Next step is a short screening call; after that we’ll share the job description, pay range, and interview timeline from the client.",screening@apexsystems.com,apexsystems.com,Deloitte,deloitte.com,0,1,0,0,1,0,0,0,0
284,Talent Screening – Platform Engineer,"Hello Sharath Nyalakonda, ManpowerGroup is assisting Stripe with hiring for a Platform Engineer. If you're open to the role, please share your availability for a quick phone screen before we coordinate interviews with the client team.",hr@manpowergroup.com,manpowergroup.com,Stripe,stripe.com,0,1,0,0,0,0,0,0,0
285,Next Steps with Client – AI Engineer,"Hello Sharath Nyalakonda, Adecco is assisting Stripe with hiring for a AI Engineer. If you're open to the role, please share your availability for a quick phone screen before we coordinate interviews with the client team.",talent@adecco.com,adecco.com,Stripe,stripe.com,0,1,0,0,0,0,0,0,0
286,Talent Screening – Data Analyst,"Hi Sharath Nyalakonda, I'm a recruiter with Apex Systems. I’m reaching out regarding a Data Analyst opportunity supporting our client Tesla. If you're interested, I'd like to schedule a brief screening call (15–20 minutes).",screening@apexsystems.com,apexsystems.com,Tesla,tesla.com,0,1,0,0,0,0,0,0,0
287,Next Steps with Client – Data Analyst,"Hi Sharath Nyalakonda, I'm a recruiter with Insight Global. I’m reaching out regarding a Data Analyst opportunity supporting our client Cisco. If you're interested, I'd like to schedule a brief screening call (15–20 minutes).",coordinator@insightglobal.com,insightglobal.com,Cisco,cisco.com,0,1,0,0,0,0,0,0,0
288,Screening Call Request – AI Operations Generalist,"Thanks for your interest. As a staffing partner for Walmart, Kelly Services will conduct an initial screening and then coordinate the interview process with the client. Please reply with times that work for you.",hr@kellyservices.com,kellyservices.com,Walmart,walmart.com,0,1,0,0,0,0,0,0,0
289,Next Steps with Client – Platform Engineer,"Hello Sharath Nyalakonda, TEKsystems is assisting IBM with hiring for a Platform Engineer. If you're open to the role, please share your availability for a quick phone screen before we coordinate interviews with the client team.",ta@teksystems.com,teksystems.com,IBM,ibm.com,0,1,0,0,0,0,0,0,0
290,Client Interview Coordination – Platform Engineer,"Hello Sharath Nyalakonda, I represent Randstad, an approved staffing vendor for Apple. Please confirm your interest and we’ll schedule your initial screening call. No documents are required at this stage.",screening@randstad.com,randstad.com,Apple,apple.com,0,1,0,0,0,0,0,1,0
291,Talent Screening – Machine Learning Engineer,"Thanks for your interest. As a staffing partner for EY, Apex Systems will conduct an initial screening and then coordinate the interview process with the client. Please reply with times that work for you.",staffing@apexsystems.com,apexsystems.com,EY,ey.com,0,1,0,0,0,0,0,0,0
292,Talent Screening – MLOps Engineer,"Hello Sharath Nyalakonda, ManpowerGroup is assisting Accenture with hiring for a MLOps Engineer. If you're open to the role, please share your availability for a quick phone screen before we coordinate interviews with the client team.",staffing@manpowergroup.com,manpowergroup.com,Accenture,accenture.com,0,1,0,0,0,0,0,0,0
293,Talent Screening – MLOps Engineer,"Hello Sharath Nyalakonda, Adecco is assisting Salesforce with hiring for a MLOps Engineer. If you're open to the role, please share your availability for a quick phone screen before we coordinate interviews with the client team.",hr@adecco.com,adecco.com,Salesforce,salesforce.com,0,1,0,0,0,0,0,0,0
294,Screening Call Request – Cloud Data Engineer,"Hello Sharath Nyalakonda, TEKsystems is assisting Adobe with hiring for a Cloud Data Engineer. If you're open to the role, please share your availability for a quick phone screen before we coordinate interviews with the client team.",screening@teksystems.com,teksystems.com,Adobe,adobe.com,0,1,0,0,0,0,0,0,0
295,Screening Call Request – Platform Engineer,"Hello Sharath Nyalakonda, Kelly Services is assisting Boeing with hiring for a Platform Engineer. If you're open to the role, please share your availability for a quick phone screen before we coordinate interviews with the client team.",screening@kellyservices.com,kellyservices.com,Boeing,boeing.com,0,1,0,0,0,0,0,0,0
296,Screening Call Request – Software Engineer,"Hi Sharath Nyalakonda, I'm a recruiter with Robert Half. I’m reaching out regarding a Software Engineer opportunity supporting our client Netflix. If you're interested, I'd like to schedule a brief screening call (15–20 minutes).",sourcer@roberthalf.com,roberthalf.com,Netflix,netflix.com,0,1,0,0,0,0,0,0,0
297,Client Interview Coordination – Machine Learning Engineer,"Thanks for your interest. As a staffing partner for Oracle, TEKsystems will conduct an initial screening and then coordinate the interview process with the client. Please reply with times that work for you.",coordinator@teksystems.com,teksystems.com,Oracle,oracle.com,0,1,0,0,0,0,0,0,0
298,Recruiter Outreach (Agency) – AI Engineer,"Thanks for your interest. As a staffing partner for Intel, Robert Half will conduct an initial screening and then coordinate the interview process with the client. Please reply with times that work for you.",sourcer@roberthalf.com,roberthalf.com,Intel,intel.com,0,1,0,0,0,0,0,0,0
299,Recruiter Outreach (Agency) – Data Scientist,"Hi Sharath Nyalakonda, I'm a recruiter with Apex Systems. I’m reaching out regarding a Data Scientist opportunity supporting our client Walmart. If you're interested, I'd like to schedule a brief screening call (15–20 minutes).",coordinator@apexsystems.com,apexsystems.com,Walmart,walmart.com,0,1,0,0,0,0,0,0,0
300,Talent Screening – Data Scientist,"Thanks for your interest. As a staffing partner for LinkedIn, Adecco will conduct an initial screening and then coordinate the interview process with the client. Please reply with times that work for you.",ta@adecco.com,adecco.com,LinkedIn,linkedin.com,0,1,0,0,0,0,0,0,0
